"2020-02-24T20:10:29.110278500","3"
"2020-02-24T20:15:28.750793100","3"
"2020-02-24T20:56:09.088002200","9"
"2020-02-24T21:02:13.347392500","1"
"2020-02-24T21:06:40.860330300","10"
"2020-02-24T21:35:52.413820800","13"
"2020-02-24T21:38:37.771960700","7"
"2020-02-24T21:40:31.854307700","9"
"2020-02-24T21:46:55.096967","18"
"2020-02-24T21:49:34.906313","14"
"2020-02-24T21:51:15.548328100","14"
"2020-02-24T21:59:36.553599500","10"
"2020-02-24T22:01:15.003827200","9"
"2020-02-24T22:02:46.657503300","18"
"2023-02-24T22:17:00.360421700","16"
"2023-02-24T22:20:19.023805700","16"
"2023-02-27T09:41:17.051463500","1"
"2023-02-27T09:41:33.547665500","1"
"2023-02-27T09:41:42.238759400","2"
"2023-02-27T09:41:52.899230500","3"
"2023-02-27T09:42:00.138251300","4"
"2023-02-27T09:42:05.586761400","5"
"2023-02-27T09:42:10.473877600","6"
"2023-02-27T09:42:16.641646300","7"
"2023-02-27T09:42:23.253466900","8"
"2023-02-27T09:42:32.793375700","9"
"2023-02-27T09:42:40.369156","10"
"2023-02-27T09:42:49.992879200","11"
"2023-02-27T09:42:58.571185400","12"
"2023-02-27T09:43:06.868220600","13"
"2023-02-27T09:43:16.312912400","14"
"2023-02-27T10:40:10.642281400","17"
"2023-02-27T14:08:34.570817","8"
"2023-02-27T21:45:13.377323200","9"
"2023-02-27T21:56:20.574164900","12"
"2023-02-27T11:31:19.849482300","15"
"2023-02-27T11:31:56.984110700","10"
"2023-02-27T15:33:02.532969800","10"
"2023-02-27T15:55:17.376159600","10"
"2023-03-09T14:51:50.013151300","9"
"2023-03-09T14:52:22.376268400","11"
"2023-03-09T21:21:12.080966400","10"
"2023-03-09T21:22:42.471491","14"
